,City,Cloudiness,Country,Date,Humidity,Lat,Lng,Max Temp,Wind Speed
0,Izhma,93,RU,1565036477,91,65.01,53.91,45.43,3.49
1,Busselton,83,AU,1565036063,60,-33.64,115.35,52.0,16.02
2,Saint George,20,GR,1565036249,69,39.45,22.34,75.2,5.82
3,Kavieng,100,PG,1565036053,79,-2.57,150.8,78.55,5.91
4,Ilulissat,20,GL,1565036481,81,69.22,-51.1,44.6,4.7
5,Tuktoyaktuk,90,CA,1565036195,93,69.44,-133.03,39.2,18.34
6,New Norfolk,75,AU,1565036185,75,-42.78,147.06,51.01,3.36
7,Kaeo,22,NZ,1565036484,100,-35.1,173.78,46.0,7.05
8,Thompson,40,CA,1565036486,43,55.74,-97.86,71.6,14.99
9,Broken Hill,0,AU,1565036092,52,-31.97,141.45,44.6,5.82
10,Sergeyevka,100,KZ,1565036488,71,53.88,67.42,60.01,10.29
11,Dikson,78,RU,1565036489,97,73.51,80.55,45.07,11.25
12,Rikitea,33,PF,1565036107,83,-23.12,-134.97,74.05,23.04
13,Coos Bay,90,US,1565036468,72,43.37,-124.22,84.0,11.41
14,Ahipara,81,NZ,1565036492,100,-35.17,173.16,46.0,17.87
15,Ingham,100,AU,1565036494,96,-18.65,146.16,61.45,2.33
16,Hobart,75,AU,1565035973,75,-42.88,147.33,51.01,3.36
17,Muswellbrook,0,AU,1565036496,71,-32.27,150.89,36.61,2.26
18,Butaritari,71,KI,1565036145,67,3.07,172.79,85.39,9.24
19,Lahaina,40,US,1565036499,62,20.87,-156.68,87.8,14.99
20,Talara,0,PE,1565036500,290,-4.58,-81.27,62.6,18.77
21,Torbay,90,CA,1565036149,93,47.66,-52.73,66.0,12.75
22,Seoul,1,KR,1565036474,100,37.57,126.98,84.2,1.12
23,Saint-Georges,0,CA,1565036504,49,46.12,-70.67,75.0,3.0
24,Hermanus,100,ZA,1565036050,80,-34.42,19.24,61.0,11.01
25,Walvis Bay,0,NA,1565036506,82,-22.95,14.51,68.0,4.7
26,San Quintin,100,PH,1565036507,91,17.54,120.52,74.77,2.37
27,Atuona,3,PF,1565036509,79,-9.8,-139.03,79.27,19.53
28,Nikolskoye,0,RU,1565036067,81,59.7,30.79,53.6,6.71
29,Darab,0,IR,1565036511,22,28.75,54.55,70.09,2.51
30,Puerto Ayora,20,EC,1565036065,57,-0.74,-90.35,80.6,18.34
31,Yasothon,100,TH,1565036513,92,15.8,104.15,75.67,5.06
32,Georgetown,40,GY,1565036204,66,6.8,-58.16,87.8,13.87
33,Barrow,0,AR,1565036219,48,-38.31,-60.23,58.03,14.5
34,Kodiak,1,US,1565036100,58,39.95,-94.76,89.01,8.05
35,Solnechnyy,89,RU,1565036518,80,50.72,136.64,56.95,4.56
36,Ponta do Sol,100,BR,1565036121,75,-20.63,-46.0,62.17,4.21
37,Makushino,73,RU,1565036520,77,55.21,67.25,58.39,11.39
38,Kimbe,61,PG,1565036521,96,-5.56,150.15,74.59,1.63
39,Mataura,100,NZ,1565036052,92,-46.19,168.86,43.0,7.0
40,Hilo,20,US,1565036171,74,19.71,-155.08,82.4,10.29
41,Provideniya,0,RU,1565036189,70,64.42,-173.23,48.2,6.71
42,Hasaki,75,JP,1565036526,100,35.73,140.83,78.01,3.36
43,Saskylakh,100,RU,1565036077,78,71.97,114.09,50.65,12.17
44,Touros,75,BR,1565036528,78,-5.2,-35.46,78.8,11.41
45,Namibe,0,AO,1565036202,73,-15.19,12.15,65.59,10.04
46,Oistins,40,BB,1565036530,74,13.07,-59.53,86.0,5.82
47,Saldanha,0,PT,1565036268,55,41.42,-6.55,73.15,9.33
48,Abha,20,SA,1565036533,49,18.22,42.5,71.6,11.36
49,Bredasdorp,25,ZA,1565036212,59,-34.53,20.04,62.6,13.87
50,Bambanglipuro,59,ID,1565036535,89,-7.95,110.28,69.19,5.91
51,Fairview,75,CA,1565036536,68,56.07,-118.38,71.6,6.93
52,Albany,40,US,1565036125,34,42.65,-73.75,84.0,5.88
53,Coahuayana,47,MX,1565036539,63,18.62,-100.35,87.55,1.99
54,Qaanaaq,0,GL,1565036540,66,77.48,-69.36,44.53,0.65
55,Sechura,88,PE,1565036541,90,-5.56,-80.82,61.99,19.28
56,Vanimo,95,PG,1565036542,87,-2.67,141.3,77.47,4.9
57,Manadhoo,100,MV,1565036543,79,5.77,73.38,83.41,13.33
58,Lebu,100,ET,1565036211,92,8.96,38.73,55.51,3.91
59,Vaini,100,IN,1565036174,91,15.34,74.49,76.75,8.16
60,Saint-Michel-des-Saints,2,CA,1565036547,37,46.68,-73.92,76.03,9.15
61,Kaitangata,100,NZ,1565036203,73,-46.28,169.85,43.0,8.01
62,Guerrero Negro,86,MX,1565036200,89,27.97,-114.04,67.57,16.37
63,Castro,90,CL,1565036550,100,-42.48,-73.76,48.2,19.46
64,Hithadhoo,94,MV,1565036551,74,-0.6,73.08,83.95,12.97
65,Ushuaia,75,AR,1565036098,48,-54.81,-68.31,41.0,13.87
66,Komsomolskiy,94,RU,1565036553,88,67.55,63.78,49.39,10.98
67,Cidreira,0,BR,1565036555,80,-30.17,-50.22,57.67,10.76
68,Cabo San Lucas,75,MX,1565036509,49,22.89,-109.91,97.0,9.17
69,Hambantota,100,LK,1565036557,80,6.12,81.12,81.43,16.62
70,Humberto de Campos,52,BR,1565036558,78,-2.6,-43.46,78.73,8.39
71,Khovu-Aksy,100,RU,1565036559,87,51.13,93.72,60.55,5.57
72,Adrar,0,DZ,1565036560,8,27.87,-0.29,111.2,12.75
73,Qaqortoq,75,GL,1565036343,51,60.72,-46.03,62.6,8.05
74,Mishelevka,0,RU,1565036563,69,52.86,103.17,54.79,13.04
75,Avarua,32,CK,1565036257,94,-21.21,-159.78,75.2,1.12
76,Naze,100,NG,1565036565,95,5.43,7.07,73.69,2.91
77,Sinjai,61,ID,1565036346,96,-5.12,120.25,66.49,2.77
78,Iquitos,0,PE,1565036277,319,-3.75,-73.25,42.8,6.93
79,Yellowknife,75,CA,1565036213,67,62.45,-114.38,57.2,16.11
80,Constitucion,75,MX,1565036570,34,23.99,-104.67,82.0,6.93
81,Bloomingdale,20,US,1565036352,40,41.96,-88.08,91.4,13.87
82,Palmer,0,AU,1565036449,40,-34.85,139.16,55.0,10.29
83,Fairbanks,75,US,1565035866,77,64.84,-147.72,60.01,1.3
84,College,40,US,1565036574,77,64.86,-147.8,60.8,3.36
85,Aksu,0,KZ,1565036575,63,52.04,76.93,62.6,8.95
86,Punta Arenas,0,CL,1565036070,60,-53.16,-70.91,41.0,39.15
87,Kumluca,0,TR,1565036578,66,36.37,30.29,66.67,4.29
88,Kapaa,90,US,1565036262,74,22.08,-159.32,87.8,11.41
89,Khatanga,100,RU,1565036580,76,71.98,102.47,60.55,5.37
90,Agua Verde,75,MX,1565036581,63,22.89,-105.97,91.4,9.17
91,Souillac,0,FR,1565036582,64,45.6,-0.6,73.4,9.17
92,Paamiut,10,GL,1565036584,89,61.99,-49.67,42.37,4.27
93,Port Elizabeth,1,US,1565036106,65,39.31,-74.98,90.0,3.36
94,Brainerd,75,US,1565036586,61,46.36,-94.2,80.01,6.93
95,Lavrentiya,88,RU,1565036587,53,65.58,-170.99,50.65,3.09
96,Pangkalanbuun,100,ID,1565036589,98,-2.68,111.62,67.39,1.9
97,Sovetskiy,100,RU,1565036590,73,56.76,48.47,48.49,12.46
98,Jijiga,100,ET,1565036591,64,9.35,42.8,64.33,3.58
99,Wakema,100,MM,1565036592,83,16.6,95.18,79.09,14.34
100,Selikhino,96,RU,1565036593,88,50.37,137.51,56.05,5.79
101,Bela,78,PK,1565036594,77,26.23,66.31,80.17,1.23
102,Derzhavinsk,26,KZ,1565036596,51,51.1,66.31,67.03,11.3
103,Leningradskiy,0,RU,1565036597,72,69.38,178.42,46.69,2.64
104,Elko,1,US,1565036598,9,40.83,-115.76,99.0,3.36
105,Ribeira Grande,75,PT,1565036082,94,38.52,-28.7,73.4,21.92
106,Baculin,100,PH,1565036600,78,7.45,126.58,73.33,5.21
107,Clyde River,20,CA,1565036601,76,70.47,-68.59,50.0,11.41
108,Tasiilaq,20,GL,1565036603,70,65.61,-37.64,46.4,9.17
109,Filingue,100,NE,1565036604,68,14.35,3.32,79.63,8.7
110,Ewa Beach,40,US,1565036341,55,21.32,-158.01,90.0,9.17
111,Plonsk,0,PL,1565036606,68,52.62,20.38,69.01,2.24
112,Igrim,100,RU,1565036607,98,63.19,64.42,50.29,4.41
113,Itaueira,44,BR,1565036608,42,-7.6,-43.03,83.05,8.52
114,Gizo,40,IL,1565036610,69,31.8,34.94,82.4,5.82
115,Tamandare,56,BR,1565036611,26,-8.28,-70.75,81.61,2.55
116,Isangel,80,VU,1565036080,76,-19.55,169.27,71.17,17.54
117,Cape Town,90,ZA,1565036076,93,-33.93,18.42,62.01,20.8
118,Airai,0,TL,1565036271,81,-8.93,125.41,66.13,3.67
119,Businga,65,CD,1565036615,92,3.34,20.89,70.99,2.8
120,Jamestown,0,AU,1565036267,37,-33.21,138.6,47.77,10.0
121,Chokurdakh,84,RU,1565036618,52,70.62,147.9,50.11,6.08
122,Geraldton,75,CA,1565036619,47,49.72,-86.95,77.0,12.75
123,Saint-Philippe,1,CA,1565036074,34,45.36,-73.48,82.4,7.31
124,Albanel,90,CA,1565036621,64,48.88,-72.44,69.01,3.36
125,Hamilton,75,CA,1565036622,61,43.26,-79.87,88.0,3.36
126,Awjilah,0,LY,1565036624,51,29.14,21.3,79.63,19.51
127,Ranong,100,TH,1565036625,79,9.96,98.62,83.05,23.06
128,Olinda,90,AU,1565036626,66,-37.84,145.39,52.0,14.99
129,Gilgit,22,PK,1565036627,52,35.92,74.31,56.59,1.45
130,Arraial do Cabo,75,BR,1565036629,68,-22.97,-42.02,69.8,6.93
131,Cherskiy,96,RU,1565036128,61,68.75,161.3,58.57,5.91
132,Landau,0,DE,1565036631,53,51.34,9.08,73.4,2.24
133,Novoorsk,90,RU,1565036632,77,51.38,58.98,68.0,8.95
134,Vao,9,EE,1565036124,71,59.1,26.19,58.03,9.78
135,Kieta,70,PG,1565036634,79,-6.22,155.63,80.35,5.19
136,Taltal,0,CL,1565036636,65,-25.41,-70.49,58.03,6.69
137,Cochirleanca,40,RO,1565036637,68,45.21,27.04,66.2,4.7
138,Port Hedland,0,AU,1565036638,62,-20.31,118.58,53.6,5.82
139,Darhan,100,MN,1565036639,90,49.49,105.92,55.15,7.34
140,Namatanai,57,PG,1565036640,79,-3.66,152.44,78.55,3.65
141,Igarka,100,RU,1565036641,89,67.47,86.57,56.95,3.02
142,Margate,75,AU,1565036060,75,-43.03,147.26,51.01,3.36
143,Marzuq,100,YE,1565036071,42,14.4,46.47,85.03,4.92
144,Rodionovo-Nesvetayskaya,20,RU,1565036645,62,47.61,39.7,59.0,4.47
145,Marfino,75,RU,1565036175,93,56.07,37.56,53.01,11.18
146,Luderitz,0,NA,1565036647,67,-26.65,15.16,59.0,14.99
147,Talnakh,75,RU,1565036648,68,69.49,88.39,64.4,8.95
148,Tiksi,85,RU,1565036647,85,71.64,128.87,44.53,12.66
149,Ancud,90,CL,1565036651,100,-41.87,-73.83,48.2,19.46
150,Raglan,90,AU,1565036652,77,-23.72,150.82,62.01,4.7
151,Ngong,0,KE,1565036653,77,-1.37,36.65,66.2,5.73
152,Upernavik,0,GL,1565036654,81,72.79,-56.15,43.99,12.84
153,Pangnirtung,75,CA,1565036087,76,66.15,-65.72,55.4,6.93
154,Iberia,0,PE,1565036656,16,-11.41,-69.49,81.25,3.13
155,Nome,75,US,1565036658,70,30.04,-94.42,93.99,6.93
156,Pevek,0,RU,1565036068,82,69.7,170.27,40.93,7.52
157,Troitsko-Pechorsk,100,RU,1565036660,98,62.71,56.19,48.85,5.73
158,Sao Lourenco do Sul,0,BR,1565036661,67,-31.37,-51.98,62.6,11.41
159,Longyearbyen,0,NO,1565036662,76,78.22,15.63,48.2,3.36
160,Samarai,99,PG,1565036155,92,-10.62,150.67,73.15,7.02
161,Hovd,0,NO,1565036222,71,63.83,10.7,57.0,4.7
162,Lagoa,0,PT,1565036666,32,37.14,-8.45,84.2,11.41
163,Pimenta Bueno,0,BR,1565036667,24,-11.68,-61.19,89.89,2.44
164,Filadelfia,0,PY,1565036668,23,-22.35,-60.04,74.23,5.53
165,Lompoc,1,US,1565036440,72,34.64,-120.46,80.01,16.11
166,Marawi,100,PH,1565036670,78,8.0,124.29,78.01,4.0
167,Bubaque,100,GW,1565036672,84,11.28,-15.83,80.35,16.26
168,Bombay,40,US,1565036673,39,44.94,-74.57,84.0,12.75
169,Lasa,20,CY,1565036674,83,34.92,32.53,78.8,3.36
170,Inhambane,75,MZ,1565036675,94,-23.87,35.38,73.4,13.87
171,Ostrovnoy,100,RU,1565036676,98,68.05,39.51,42.19,8.05
172,Batagay,75,RU,1565036677,91,67.65,134.64,51.91,1.41
173,Mineiros,63,BR,1565036679,49,-17.57,-52.55,72.79,4.29
174,Vukovar,0,HR,1565036680,77,45.34,19.0,72.0,6.93
175,Yerbogachen,100,RU,1565036681,62,61.28,108.01,52.81,2.62
176,Talaya,0,RU,1565036682,100,55.79,84.89,59.0,2.24
177,Madimba,75,CM,1565036684,100,4.42,9.93,75.2,2.24
178,Wajima,0,JP,1565036685,80,37.4,136.9,81.97,4.68
179,Coquimbo,20,CL,1565036686,67,-29.95,-71.34,57.2,11.41
180,Shakawe,97,BW,1565036687,23,-18.36,21.84,73.69,4.9
181,Pauini,0,BR,1565036688,28,-7.71,-67.0,85.57,3.2
182,Alofi,75,NU,1565036690,83,-19.06,-169.92,77.0,13.87
183,Rocha,0,UY,1565036691,89,-34.48,-54.34,50.11,8.14
184,Lukulu,11,ZM,1565036692,30,-14.38,23.24,69.01,4.59
185,Lata,50,IN,1565036693,92,30.78,78.62,43.45,1.52
186,Rundu,95,NA,1565036695,36,-17.91,19.77,77.0,3.36
187,Benicarlo,0,ES,1565036696,82,40.42,0.43,71.01,1.01
188,Loiza,40,PR,1565036697,70,18.43,-65.88,88.0,21.92
189,Ottumwa,20,US,1565036698,58,41.02,-92.41,86.0,8.05
190,Bereda,75,ES,1565036699,93,43.27,-7.54,69.01,2.24
191,Novoseleznevo,63,RU,1565036701,84,55.68,69.21,55.87,7.85
192,West Wendover,1,US,1565036702,21,40.74,-114.07,91.4,9.17
193,Plymouth,20,GB,1565036703,82,50.37,-4.14,64.99,12.75
194,Rumoi,54,JP,1565036704,88,43.93,141.67,70.63,5.46
195,Kasempa,7,ZM,1565036705,39,-13.46,25.83,64.15,4.76
196,Vyborg,0,RU,1565036707,58,60.71,28.74,53.6,2.24
197,Hirakud,100,IN,1565036708,91,21.53,83.9,78.19,5.91
198,Chumikan,0,RU,1565036709,73,54.72,135.31,51.37,8.5
199,Nhulunbuy,54,AU,1565036448,94,-12.18,136.78,69.8,6.93
200,Carupano,99,VE,1565036711,92,10.67,-63.26,78.55,1.99
201,Guilin,40,CN,1565036713,94,25.28,110.29,78.8,4.47
202,San Patricio,0,PY,1565036714,75,-26.98,-56.83,60.55,4.21
203,Puro,100,PH,1565036715,89,13.13,123.76,79.09,9.98
204,Bethel,90,US,1565036588,100,60.79,-161.76,57.2,21.92
205,Port-Gentil,75,GA,1565036718,83,-0.72,8.78,75.2,11.41
206,Nicoya,40,CR,1565036719,52,10.15,-85.45,91.4,11.41
207,Te Anau,98,NZ,1565036720,91,-45.41,167.72,38.05,8.19
208,Ust-Koksa,0,RU,1565036721,95,50.27,85.62,44.35,3.98
209,Jalu,0,LY,1565036722,34,29.03,21.55,84.13,20.2
210,Chapais,90,CA,1565036724,88,49.78,-74.86,62.6,13.87
211,Nakhon Phanom,67,LA,1565036725,98,17.4,104.79,73.69,3.96
212,Nanning,0,CN,1565036726,94,22.83,108.3,78.8,2.24
213,East London,0,ZA,1565036182,76,-33.02,27.91,55.4,6.93
214,Novorzhev,56,RU,1565036728,71,57.03,29.33,49.39,5.99
215,Arles,0,FR,1565036730,78,43.68,4.63,77.0,5.82
216,Xinxiang,100,CN,1565036731,79,35.3,113.88,72.25,3.44
217,Sain Alto,87,MX,1565036732,40,23.58,-103.25,73.15,9.08
218,Smirnykh,100,RU,1565036733,95,49.74,142.83,60.55,1.3
219,Port Keats,25,AU,1565036734,60,-14.25,129.55,67.57,8.08
220,Vesyegonsk,99,RU,1565036735,90,58.67,37.27,45.61,7.72
221,Esperance,90,AU,1565036275,100,-33.86,121.89,51.8,12.75
222,Mandalgovi,100,MN,1565036738,81,45.76,106.27,58.57,10.25
223,Madingou,69,CG,1565036739,63,-4.17,13.56,77.83,2.84
224,Calama,0,CL,1565036740,4,-22.46,-68.93,68.0,23.04
225,Tura,43,RU,1565036741,81,64.27,100.22,55.87,5.93
226,Sur,4,OM,1565036742,47,22.57,59.53,90.61,16.58
227,Sertanopolis,75,BR,1565036743,53,-23.06,-51.04,71.6,9.17
228,Brae,100,GB,1565036745,93,60.4,-1.35,59.0,10.29
229,San Cristobal,20,HN,1565036746,70,14.68,-86.92,89.6,10.29
230,Northam,41,AU,1565036747,87,-31.65,116.67,51.8,8.05
231,Dulce Nombre de Culmi,100,HN,1565036748,75,15.08,-85.56,78.55,3.87
232,Rio Gallegos,0,AR,1565036750,42,-51.62,-69.22,44.6,14.99
233,Kahului,75,US,1565036751,94,20.89,-156.47,86.0,11.41
234,Ambilobe,80,MG,1565036752,77,-13.19,49.05,72.43,9.31
235,Pangai,40,TO,1565036753,64,-19.8,-174.35,75.2,11.41
236,Chuy,0,UY,1565036214,82,-33.69,-53.46,53.35,7.76
237,Iqaluit,75,CA,1565036288,61,63.75,-68.52,50.0,3.36
238,Escarcega,100,MX,1565036757,61,18.61,-90.75,90.79,9.26
239,Hobyo,93,SO,1565036758,78,5.35,48.53,78.37,24.32
240,Zatoka,0,PL,1565036759,68,50.04,20.52,66.99,5.82
241,Sitka,100,US,1565036191,33,37.17,-99.65,96.01,7.0
242,Port Alfred,86,ZA,1565036761,77,-33.59,26.89,60.01,5.01
243,Aasiaat,100,GL,1565036762,88,68.71,-52.87,41.83,4.85
244,Jacobina,79,BR,1565036764,58,-11.19,-40.51,72.07,10.4
245,Lorengau,100,PG,1565036765,89,-2.02,147.27,77.47,9.04
246,Kruisfontein,100,ZA,1565036186,75,-34.0,24.73,54.43,8.9
247,Manta,25,RO,1565036767,70,45.1,24.1,60.19,3.58
248,Sinnamary,0,GF,1565036768,79,5.38,-52.96,82.33,14.81
249,Kwinana,31,AU,1565036685,100,-32.25,115.77,51.8,4.7
250,Juneau,20,US,1565036703,68,58.3,-134.42,66.2,9.17
251,Shelburne,20,CA,1565036540,40,44.08,-80.2,87.01,10.29
252,Martapura,3,ID,1565036773,88,-3.41,114.85,71.6,2.24
253,Bluff,0,AU,1565036626,78,-23.58,149.07,55.15,9.6
254,Cocula,75,MX,1565036775,47,20.37,-103.82,81.0,3.36
255,Ngorongoro,64,TZ,1565036776,57,-3.24,35.49,65.95,13.35
256,Salalah,90,OM,1565036778,94,17.01,54.1,78.8,5.82
257,Axim,100,GH,1565036779,89,4.87,-2.24,75.13,10.42
258,Puerto Ayacucho,75,CO,1565036780,78,5.66,-67.63,78.8,8.05
259,Sabaudia,0,IT,1565036781,57,41.3,13.03,78.8,2.24
260,Port Lincoln,82,AU,1565036782,74,-34.72,135.86,58.75,14.2
261,Tuatapere,100,NZ,1565036784,92,-46.13,167.69,44.01,7.0
262,Berriozabal,40,MX,1565036785,58,16.8,-93.27,84.2,2.24
263,Nikel,75,NO,1565036786,87,69.41,30.21,44.6,10.29
264,Festus,40,US,1565036685,51,38.22,-90.4,91.99,4.7
265,Havre,1,US,1565036648,23,48.55,-109.68,86.0,3.36
266,Burgeo,1,CA,1565036789,85,47.61,-57.61,61.99,22.44
267,Betamcherla,100,IN,1565036790,84,15.47,78.17,74.77,26.17
268,Hami,95,CN,1565036792,22,42.84,93.51,87.01,11.63
269,Sacramento,1,US,1565036643,35,38.58,-121.49,96.01,4.7
270,Carutapera,98,BR,1565036794,93,-1.2,-46.02,76.93,7.52
271,Peniche,75,PT,1565036795,88,39.36,-9.38,71.01,8.05
272,Havelock,90,US,1565036796,83,34.88,-76.9,84.2,4.7
273,Kenai,40,US,1565036797,63,60.55,-151.26,75.0,13.87
274,Zhuanghe,67,CN,1565036799,44,39.7,122.97,82.99,1.99
275,Gravdal,40,NO,1565036800,82,59.79,5.78,62.01,5.82
276,Dubai,0,AE,1565036801,63,25.27,55.3,95.0,5.82
277,Camacha,40,PT,1565036702,78,33.08,-16.33,75.2,9.17
278,Rawlins,20,US,1565036803,26,41.79,-107.24,82.4,6.93
279,Belaya Gora,0,RU,1565036804,52,68.54,146.19,55.15,1.9
280,Xiongzhou,0,CN,1565036806,88,32.34,118.83,82.4,8.95
281,Fort Nelson,90,CA,1565036807,72,58.81,-122.69,62.6,11.41
282,Marathon,90,CA,1565036808,100,48.72,-86.38,60.8,12.46
283,Tilichiki,95,RU,1565036809,90,60.47,166.1,53.35,5.75
284,Alugan,100,PH,1565036810,90,12.22,125.48,77.11,10.54
285,Flinders,0,AU,1565036812,81,-34.58,150.85,50.0,11.41
286,Constantine,20,DZ,1565036813,40,36.36,6.61,86.0,5.82
287,Norman Wells,40,CA,1565036814,50,65.28,-126.83,55.4,20.8
288,Mahebourg,75,MU,1565036815,94,-20.41,57.7,69.8,2.24
289,Yaan,100,NG,1565036816,93,7.38,8.57,74.59,6.4
290,Khorinsk,0,RU,1565036817,82,52.16,109.78,46.51,4.45
291,Wamba,100,CD,1565036819,95,2.14,27.99,66.31,2.62
292,Shubarkuduk,0,KZ,1565036820,63,49.15,56.49,59.11,12.77
293,Balikpapan,84,ID,1565036821,98,-1.24,116.86,69.01,2.98
294,Port Augusta,0,AU,1565036822,45,-32.49,137.76,48.2,8.05
295,Narsaq,75,GL,1565036824,51,60.91,-46.05,62.6,8.05
296,Kempele,0,FI,1565036825,61,64.91,25.51,50.0,4.7
297,Beringovskiy,12,RU,1565036665,63,63.05,179.32,56.41,3.76
298,Sheregesh,64,RU,1565036827,96,52.93,87.98,58.21,0.45
299,Nyazepetrovsk,100,RU,1565036829,93,56.06,59.6,57.85,12.26
300,Kununurra,0,AU,1565036830,77,-15.77,128.74,59.0,3.47
301,Harper,90,US,1565036831,41,30.3,-99.24,98.01,4.7
302,Faanui,0,PF,1565036832,80,-16.48,-151.75,78.55,12.84
303,Zanjan,0,IR,1565036833,83,36.67,48.48,61.09,4.09
304,Kapit,100,MY,1565036835,87,2.02,112.94,71.35,1.25
305,Les Cayes,71,HT,1565036836,76,18.19,-73.75,84.13,16.02
306,Manokwari,100,ID,1565036837,81,-0.87,134.08,72.43,4.74
307,Mawlaik,100,MM,1565036838,99,23.63,94.42,71.89,2.3
308,Kasimov,86,RU,1565036839,92,54.94,41.4,47.59,7.16
309,Leshukonskoye,100,RU,1565036841,99,64.9,45.76,43.99,3.94
310,Hofn,90,IS,1565036842,76,64.25,-15.21,50.0,5.82
311,High Level,75,CA,1565036843,77,58.52,-117.13,59.0,8.05
312,Sistranda,20,NO,1565036844,76,63.73,8.83,54.0,5.82
313,Gat,40,SN,1565036845,74,14.69,-16.54,89.6,11.41
314,Grafton,75,AU,1565036847,100,-29.69,152.93,46.0,4.25
315,Virginia Beach,90,US,1565036767,74,36.85,-75.98,82.99,4.7
316,Ixtapa,75,MX,1565036849,40,20.71,-105.21,91.0,8.05
317,Collie,99,AU,1565036850,60,-33.36,116.15,52.0,6.15
318,Dabra,100,IN,1565036851,82,25.88,78.33,81.79,6.8
319,Arona,0,IT,1565036852,51,45.76,8.56,82.99,3.36
320,Henties Bay,0,NA,1565036854,91,-22.12,14.28,55.0,1.01
321,Sale,37,AU,1565036855,94,-38.11,147.06,33.01,3.6
322,Pizarro,63,CO,1565036856,85,4.95,-77.37,80.53,13.62
323,Sharan,0,AF,1565036857,24,33.15,68.78,73.51,8.46
324,Anekal,40,IN,1565036858,100,12.71,77.7,69.8,17.22
325,Staroye Drozhzhanoye,100,RU,1565036860,87,54.73,47.56,47.05,14.18
326,Mende,0,FR,1565036861,57,44.52,3.5,75.2,3.36
327,Caravelas,100,BR,1565036862,81,-17.73,-39.27,72.43,21.7
328,Capao da Canoa,0,BR,1565036811,84,-29.75,-50.01,56.05,7.63
329,Natal,75,BR,1565036716,74,-5.81,-35.21,78.8,23.04
330,Nantucket,1,US,1565036595,56,41.28,-70.1,78.01,9.17
331,Soligalich,100,RU,1565036867,99,59.08,42.29,44.35,4.94
332,Dovers,75,VC,1565036868,83,12.88,-61.18,80.6,10.96
333,Damghan,1,IR,1565036869,86,36.17,54.34,57.13,4.45
334,San Rafael del Sur,40,NI,1565036870,70,11.85,-86.44,86.0,9.17
335,Port Macquarie,0,AU,1565036871,75,-31.43,152.91,44.6,8.05
336,Charters Towers,27,AU,1565036872,94,-20.07,146.27,55.69,6.4
337,Maniitsoq,2,GL,1565036658,85,65.42,-52.9,45.97,11.5
338,Williamsburg,1,US,1565036834,70,37.27,-76.71,86.0,3.36
339,Aklavik,75,CA,1565036876,66,68.22,-135.01,48.2,8.05
340,Taoudenni,76,ML,1565036877,27,22.68,-3.98,96.01,4.92
341,Adre,100,TD,1565036878,91,13.47,22.2,70.63,7.23
342,Honggang,0,CN,1565036879,77,29.51,114.87,76.03,1.48
343,Vostok,100,RU,1565036713,89,46.45,135.83,69.55,2.93
344,Pitimbu,75,BR,1565036882,88,-7.47,-34.81,75.2,10.29
345,Carnarvon,0,ZA,1565036619,76,-30.97,22.13,43.45,7.78
346,Oum Hadjer,100,TD,1565036884,78,13.3,19.7,77.47,4.59
347,Nikki,100,BJ,1565036885,94,9.94,3.21,71.89,1.43
348,Shenkursk,100,RU,1565036886,99,62.11,42.91,44.35,4.41
349,Le Vauclin,0,MQ,1565036888,66,14.55,-60.84,87.8,6.93
350,Mitsamiouli,20,KM,1565036889,78,-11.38,43.28,78.8,2.24
351,Sarlat-la-Caneda,0,FR,1565036890,57,44.89,1.22,75.2,4.7
352,Lloydminster,75,CA,1565036644,53,53.28,-110.01,77.0,14.99
353,Ust-Maya,0,RU,1565036892,73,60.42,134.54,54.07,6.64
354,Mount Gambier,90,AU,1565036894,57,-37.83,140.78,51.8,16.11
355,Sao Joao da Barra,90,BR,1565036895,73,-21.64,-41.05,69.8,3.36
356,Yablonovskiy,0,RU,1565036896,87,44.99,38.94,62.01,4.27
357,Barcelona,0,ES,1565036897,69,41.38,2.18,82.99,2.24
358,Cayenne,0,GF,1565036898,70,4.94,-52.33,86.0,9.17
359,Parker,75,US,1565036899,58,43.4,-97.14,86.0,9.17
360,Padang,82,ID,1565036901,83,-0.92,100.36,80.71,20.58
361,Vestmannaeyjar,88,IS,1565036902,88,63.44,-20.27,52.81,12.48
362,Kilindoni,0,TZ,1565036903,77,-7.91,39.67,78.01,14.41
363,Ucluelet,90,CA,1565036730,93,48.94,-125.55,82.99,5.82
364,Srisailam,100,IN,1565036905,88,16.07,78.87,74.05,13.22
365,Seymchan,100,RU,1565036906,96,62.93,152.39,50.11,5.32
366,Vung Tau,100,VN,1565036908,85,10.35,107.08,78.19,10.71
367,Coari,10,BR,1565036909,42,-4.09,-63.14,87.01,0.54
368,Moissala,3,TD,1565036910,93,8.34,17.77,73.51,2.3
369,Fortuna,90,US,1565036911,72,40.6,-124.16,75.99,9.17
370,Yinchuan,6,CN,1565036912,29,38.48,106.21,78.01,3.0
371,Aksarka,100,RU,1565036913,85,66.56,67.8,51.73,4.25
372,Tautira,20,PF,1565036915,66,-17.73,-149.15,84.2,4.7
373,Acajutla,95,SV,1565036916,70,13.59,-89.83,84.85,8.28
374,Inuvik,75,CA,1565036648,65,68.36,-133.71,48.2,10.29
375,Amazar,0,RU,1565036918,77,53.86,120.88,45.43,5.82
376,Semey,0,KZ,1565036919,49,50.41,80.25,66.49,5.86
377,Boguchany,0,RU,1565036920,74,58.38,97.46,52.63,2.53
378,Kushalgarh,100,IN,1565036922,91,23.2,74.45,78.73,8.88
379,Bella Union,54,CO,1565036923,84,8.5,-73.35,77.47,2.64
380,Jieshi,13,CN,1565036924,85,22.82,115.83,84.99,2.62
381,Meiganga,97,CM,1565036925,94,6.52,14.29,65.95,1.01
382,Byron Bay,0,AU,1565036926,100,-28.65,153.62,52.0,2.51
383,Acapulco,75,MX,1565036928,63,16.86,-99.88,91.4,8.05
384,Vila Velha,20,BR,1565036929,65,-3.71,-38.6,86.0,17.22
385,Kainantu,78,PG,1565036930,98,-6.29,145.87,55.51,2.01
386,Sioux Lookout,75,CA,1565036931,47,50.1,-91.92,77.0,10.29
387,Ban Nahin,99,LA,1565036712,99,18.24,104.21,72.97,0.56
388,Praia,75,BR,1565036934,60,-20.25,-43.81,68.0,9.17
389,Itarema,9,BR,1565036935,68,-2.92,-39.92,79.09,13.62
390,Okha,100,RU,1565036936,87,53.59,142.95,54.25,14.97
391,Aldan,51,RU,1565036938,81,58.61,125.39,49.21,3.67
392,Vila Franca do Campo,40,PT,1565036944,88,37.72,-25.43,73.4,10.29
393,Katsuura,75,JP,1565036945,83,33.93,134.5,80.6,5.82
394,Kloulklubed,100,PW,1565036946,82,7.04,134.26,82.15,20.02
395,Novopokrovka,0,UA,1565036948,54,49.84,36.56,59.0,2.24
396,Lembeni,0,TZ,1565036950,62,-3.78,37.62,70.27,11.45
397,Mahon,75,IE,1565036951,82,51.89,-8.4,60.01,12.75
398,Onda,0,ES,1565036953,83,39.96,-0.26,80.6,3.36
399,Luena,74,AO,1565036954,51,-11.78,19.91,66.13,1.72
400,Zhanaozen,6,KZ,1565036956,49,43.35,52.85,72.25,20.65
401,Krutinka,100,RU,1565036957,74,56.01,71.51,59.29,9.8
402,Weligama,100,LK,1565036958,80,5.97,80.42,81.97,17.27
403,Mogadishu,55,SO,1565036679,87,2.04,45.34,76.21,14.38
404,Mar del Plata,68,AR,1565036960,50,-46.43,-67.52,49.39,11.1
405,Cabedelo,75,BR,1565036962,88,-6.97,-34.84,75.2,10.29
406,Grand-Santi,3,GF,1565036963,64,4.27,-54.38,85.57,3.44
407,Cambridge,75,CA,1565036964,54,43.39,-80.31,86.0,13.87
408,Termez,0,AF,1565036965,30,37.23,67.28,98.6,4.7
409,Vallenar,0,CL,1565036966,47,-28.58,-70.76,62.53,7.74
410,Mujiayingzi,79,CN,1565036967,95,42.12,118.78,62.53,6.17
411,Sungaipenuh,100,ID,1565036969,97,-2.08,101.38,69.19,1.66
412,Teguise,20,ES,1565036970,78,29.06,-13.56,73.4,19.46
413,Dhuwaran,100,IN,1565036971,86,22.23,72.8,79.99,11.54
414,Potosi,0,BO,1565036972,16,-19.59,-65.75,49.75,7.4
415,Pokhara,100,NP,1565036973,94,28.21,83.99,57.85,2.28
416,Amapa,40,HN,1565036697,53,15.09,-87.97,96.8,16.11
417,Broome,0,GB,1565036976,59,52.47,1.45,69.01,4.7
418,Soe,0,EE,1565036977,67,57.91,26.05,57.2,11.41
419,Sorong,97,ID,1565036978,96,-0.86,131.25,74.77,6.58
420,Alto Araguaia,32,BR,1565036824,48,-17.32,-53.22,74.05,6.51
421,Necochea,0,AR,1565036980,51,-38.55,-58.74,63.0,14.0
422,Kyrylivka,2,UA,1565036982,83,47.65,37.3,55.15,5.88
423,Tallahassee,1,US,1565036773,94,30.44,-84.28,93.0,5.41
424,Guymon,1,US,1565036984,36,36.68,-101.48,97.0,14.99
425,Yulara,0,AU,1565036985,45,-25.24,130.99,42.8,5.82
426,Kuzovatovo,75,RU,1565036986,90,53.54,47.69,45.97,10.42
427,San Matias,97,BO,1565036988,27,-16.36,-58.4,83.23,3.47
428,Yerofey Pavlovich,0,RU,1565036989,71,53.97,121.97,47.41,5.53
429,Richards Bay,5,ZA,1565036712,91,-28.77,32.06,71.89,13.29
430,Jardim,0,BR,1565036991,40,-21.48,-56.15,70.99,3.15
431,Kedrovyy,0,RU,1565036992,88,56.17,91.82,66.2,11.18
432,Bandarbeyla,100,SO,1565036994,67,9.49,50.81,78.91,24.67
433,Flin Flon,40,CA,1565036995,38,54.77,-101.88,75.2,12.75
434,Aripuana,0,BR,1565036709,29,-9.17,-60.63,92.05,1.45
435,Saint Anthony,1,US,1565036997,23,43.97,-111.68,91.0,2.95
436,Haines Junction,99,CA,1565036743,79,60.75,-137.51,59.83,1.14
437,Lensk,81,RU,1565036999,68,60.71,114.91,51.37,1.57
438,Zambezi,100,ZM,1565037001,32,-13.55,23.12,75.13,3.2
439,Nalchiti,100,BD,1565037002,85,22.63,90.28,82.51,2.51
440,Fukue,75,JP,1565037004,83,35.03,136.69,82.4,10.29
441,Singleton,0,AU,1565037005,93,-32.57,151.17,51.01,5.82
442,Kuloy,100,RU,1565037006,99,61.03,42.49,44.89,4.83
443,Nanortalik,51,GL,1565037007,92,60.14,-45.24,41.47,5.5
444,Alice Springs,0,AU,1565037009,48,-23.7,133.88,42.8,4.7
445,Presidente Epitacio,0,BR,1565037010,60,-21.76,-52.12,71.35,6.51
446,Calabozo,96,VE,1565037012,93,8.92,-67.43,76.57,7.99
447,Yangambi,100,CD,1565037013,74,0.77,24.47,75.13,2.19
448,Krasnaya Gorka,97,RU,1565037014,95,55.19,56.67,60.91,14.38
449,Liverpool,20,GB,1565036737,68,53.41,-2.98,64.99,13.87
450,Klaksvik,100,FO,1565037017,82,62.23,-6.59,55.4,11.41
451,Hualmay,4,PE,1565037018,85,-11.1,-77.61,60.55,10.78
452,Sarangani,100,PH,1565037019,77,5.4,125.46,81.61,10.2
453,Makakilo City,40,US,1565036800,55,21.35,-158.09,90.0,9.17
454,Murgab,8,TM,1565037021,33,37.5,61.97,89.6,11.41
455,Mount Isa,30,AU,1565037023,53,-20.73,139.49,50.0,11.97
456,Lebork,0,PL,1565037024,93,54.54,17.75,63.0,2.24
457,Madera,1,US,1565036850,33,36.96,-120.06,93.99,8.05
458,Masumbwe,11,TZ,1565037026,66,-3.65,32.16,65.59,4.09
459,Gobabis,0,NA,1565037027,23,-22.45,18.97,51.8,1.12
460,Tomatlan,53,MX,1565037028,69,19.93,-105.25,85.93,9.1
461,Launceston,90,AU,1565037030,93,-41.43,147.14,50.0,12.75
462,Bathsheba,40,BB,1565037031,74,13.22,-59.52,86.0,5.82
463,Iralaya,20,HN,1565037032,70,15.0,-83.23,89.6,10.29
464,Van,20,TR,1565037033,51,38.51,43.37,61.0,13.02
465,Los Llanos de Aridane,20,ES,1565037034,83,28.66,-17.92,73.4,12.75
466,Baoding,47,CN,1565037036,87,38.86,115.49,70.99,2.55
467,Vanavara,0,RU,1565037037,69,60.35,102.28,49.93,2.62
468,Nouadhibou,0,MR,1565037038,77,20.93,-17.03,69.8,23.04
469,Lucea,20,JM,1565037039,63,18.44,-78.17,91.4,25.28
470,Dzaoudzi,0,YT,1565037041,88,-12.79,45.27,75.2,4.7
471,Moranbah,0,AU,1565037042,96,-22.0,148.04,54.25,13.69
472,Svetlogorsk,90,RU,1565037043,88,53.14,59.15,62.6,17.9
473,Wanning,75,AT,1565037044,60,48.64,13.53,71.6,2.24
474,Laguna,40,BZ,1565037045,75,16.17,-88.94,89.6,6.93
475,Waingapu,0,ID,1565037047,92,-9.65,120.26,66.13,9.15
476,Boa Vista,75,BR,1565037048,78,2.82,-60.67,77.0,11.41
477,Aurora,40,US,1565036868,46,41.76,-88.32,91.99,4.7
478,Morant Bay,20,JM,1565037050,59,17.88,-76.41,89.6,26.4
479,Winnemucca,1,US,1565037051,8,40.97,-117.74,95.0,8.05
480,Linqiong,40,CN,1565037053,94,30.42,103.46,69.8,15.66
481,Pangody,66,RU,1565037054,68,65.85,74.49,52.81,7.36
482,Moron,20,HT,1565037055,72,18.56,-74.26,83.41,2.75
483,Banjar,100,ID,1565037056,96,-7.37,108.54,63.79,1.83
484,Victoria,75,BN,1565037057,88,5.28,115.24,82.4,12.59
485,Irawan,100,PH,1565037058,78,9.8,118.69,83.41,29.28
486,Petropavlovsk-Kamchatskiy,75,RU,1565037060,93,53.05,158.65,55.4,2.24
487,Aden,31,YE,1565037061,65,12.79,45.03,88.45,10.78
488,Tommot,15,RU,1565037062,82,58.97,126.27,49.75,4.83
489,Bambous Virieux,75,MU,1565037063,94,-20.34,57.76,69.8,2.24
490,Searcy,40,US,1565037064,59,35.25,-91.74,95.0,6.93
491,Bejar,0,AL,1565037066,73,40.49,19.83,69.91,5.37
492,Nguruka,0,TZ,1565037067,38,-5.11,31.04,66.13,4.56
493,Berlevag,75,NO,1565037068,87,70.86,29.09,44.6,11.41
494,Bell Ville,0,AR,1565037069,40,-32.63,-62.69,66.0,21.99
495,Half Moon Bay,90,US,1565037071,87,37.46,-122.43,86.0,8.05
496,Tuensang,33,IN,1565037072,90,26.24,94.81,74.95,2.48
497,Thunder Bay,90,CA,1565037073,88,48.41,-89.26,69.01,5.82
498,Wuwei,35,CN,1565037074,29,37.93,102.64,70.09,8.21
499,Ilheus,75,BR,1565037076,69,-14.79,-39.05,78.8,16.11
500,Gold Coast,0,AU,1565036892,93,-28.0,153.41,52.0,1.12
501,Hasilpur,0,PK,1565037078,44,29.69,72.55,96.19,5.48
502,Bilma,0,NE,1565037079,32,18.69,12.92,95.11,19.8
503,Rochefort,0,BE,1565037080,60,50.16,5.22,71.6,3.36
504,Omboue,99,GA,1565037081,88,-1.57,9.26,72.25,14.2
505,Ternate,75,PH,1565037083,94,14.29,120.72,84.99,2.24
506,Dengfeng,93,CN,1565037084,88,34.46,113.03,74.41,2.19
507,Santa Isabel do Rio Negro,56,BR,1565037085,61,-0.41,-65.02,81.07,2.24
508,Rawson,0,AR,1565037086,18,-43.3,-65.11,59.29,8.61
509,Pisco,40,PE,1565037087,30,-13.71,-76.2,71.6,8.05
510,Nuuk,20,GL,1565037089,76,64.17,-51.74,50.0,5.82
511,Labuhan,28,ID,1565037090,92,-2.54,115.51,68.47,1.61
512,Celestun,100,MX,1565037091,80,20.87,-90.4,82.69,14.97
513,Kunyang,87,CN,1565037092,95,27.66,120.56,77.11,4.72
514,Baherden,2,TM,1565037093,71,38.44,57.43,76.21,12.12
515,Luwuk,77,ID,1565037005,95,-0.95,122.79,56.77,3.96
516,Umea,0,SE,1565037096,76,63.83,20.26,55.4,3.36
517,Socuellamos,0,ES,1565037097,17,39.29,-2.79,79.45,9.35
518,Racine,40,US,1565036864,54,42.73,-87.78,90.0,5.82
519,Valleyview,70,CA,1565037099,86,55.07,-117.28,69.37,8.12
520,Tateyama,0,JP,1565037100,74,36.66,137.31,81.0,1.01
521,Port Blair,100,IN,1565037000,79,11.67,92.75,82.51,32.28
522,Clarence Town,0,AU,1565037103,93,-32.59,151.78,48.99,5.82
523,Trincomalee,100,LK,1565037104,70,8.58,81.23,79.81,8.9
524,Eyl,93,SO,1565037105,61,7.98,49.82,80.71,20.45
525,Sola,1,TZ,1565037106,86,-3.17,33.8,65.23,2.71
526,Honiara,40,SB,1565037107,94,-9.43,159.96,75.2,3.36
527,La Ronge,40,CA,1565037108,53,55.1,-105.3,75.2,11.41
528,Hjelset,0,NO,1565037110,67,62.78,7.5,60.8,12.75
529,Simpang,100,ID,1565037111,92,4.36,96.17,72.25,2.95
530,Severo-Kurilsk,98,RU,1565037112,95,50.68,156.12,49.93,20.2
531,Jumla,100,NP,1565037113,94,29.28,82.18,55.87,1.52
532,Comodoro Rivadavia,0,AR,1565036906,58,-45.87,-67.48,55.4,6.93
533,Fort Saint James,100,CA,1565037115,36,54.43,-124.25,83.95,3.04
534,Mwinilunga,40,ZM,1565037117,39,-11.73,24.43,65.59,3.78
535,Cururupu,91,BR,1565037118,79,-1.82,-44.87,79.09,4.45
536,Casablanca,40,MA,1565036934,78,33.6,-7.62,72.0,9.17
537,Dunedin,66,NZ,1565037077,61,-45.87,170.5,46.0,8.99
538,Arroyo,8,BO,1565037121,20,-11.08,-66.08,84.2,11.41
539,Sao Geraldo do Araguaia,77,BR,1565037122,33,-6.4,-48.55,88.99,2.59
540,Libreville,20,GA,1565037123,83,0.39,9.45,77.0,10.29
541,Arys,0,KZ,1565037113,38,42.43,68.8,77.0,4.47
542,Santa Isabel,40,MX,1565037126,6,32.63,-115.58,111.2,8.05
543,Havoysund,75,NO,1565037127,87,71.0,24.66,46.4,12.75
544,Ustka,100,PL,1565036897,72,54.58,16.86,63.43,7.16
545,Quang Ngai,90,VN,1565037129,97,15.12,108.8,70.63,2.8
546,Kuna,1,US,1565037026,23,43.49,-116.42,98.01,5.93
547,Nortelandia,0,BR,1565037131,22,-14.45,-56.8,85.21,4.92
548,Port-Cartier,75,CA,1565037133,72,50.03,-66.88,70.0,5.82
549,Sisimiut,85,GL,1565037067,95,66.94,-53.67,42.01,15.12
550,Deputatskiy,0,RU,1565037135,50,69.3,139.9,50.47,2.86
551,Marsa Matruh,0,EG,1565037136,83,31.35,27.25,78.8,12.75
552,Portland,40,US,1565036983,44,43.66,-70.25,82.99,13.87
553,Dakar,75,SN,1565037139,78,14.69,-17.45,78.8,9.17
554,Kamenka,6,MD,1565037140,87,48.03,28.7,57.0,1.21
555,Cavalcante,100,BR,1565037141,42,-13.79,-47.46,72.25,15.5
556,Cotonou,20,BJ,1565037142,94,6.37,2.43,77.0,13.87
557,Kindu,19,CD,1565037144,62,-2.95,25.92,76.21,3.06
558,Nelson Bay,0,AU,1565037145,93,-32.72,152.14,48.99,5.82
559,Stokmarknes,20,NO,1565037146,76,68.56,14.91,51.8,12.75
560,Sivaki,20,RU,1565037147,64,52.63,126.75,52.81,7.18
561,Beldanga,100,IN,1565037148,78,23.94,88.24,86.29,3.04
562,Okhotsk,96,RU,1565037150,82,59.36,143.24,52.99,17.72
563,Nioro,15,GM,1565037151,64,13.79,-15.05,81.97,16.15
564,Xuddur,34,SO,1565037152,69,4.12,43.89,76.57,17.34
565,Makurdi,100,NG,1565037153,92,7.73,8.54,74.77,5.08
566,Coihaique,75,CL,1565037154,87,-45.58,-72.07,46.4,4.7
567,Ballinasloe,99,IE,1565037156,97,53.33,-8.22,55.51,13.0
568,Lubango,0,AO,1565037157,55,-14.92,13.49,61.99,2.44
569,Strakonice,40,CZ,1565037158,68,49.26,13.9,68.0,4.7
570,Jaciara,10,BR,1565037159,33,-15.95,-54.98,82.33,2.95
571,Akureyri,75,IS,1565037160,76,65.68,-18.09,50.0,10.29
572,Bud,0,NO,1565037161,67,62.91,6.91,60.8,12.75
573,Waiouru,86,NZ,1565037163,95,-39.48,175.67,38.77,10.56
574,Barauli,87,IN,1565037164,66,26.41,84.56,86.65,5.5
575,Basco,1,US,1565037165,48,40.33,-91.2,89.01,5.82
576,Yertsevo,100,RU,1565037166,98,60.8,40.09,44.17,5.97
